image_filename,width,height,label,annotation_type,x1,y1,x2,y2,polygon_points
118af860-5a06-4eb0-98b6-84fc9e313b95_images(3).jpg,238,212,IC,bbox,15,34,209,177,
9a0cdcb7-8850-4f9a-a2aa-43eca11c26dc_images(2).jpg,225,225,IC,bbox,8,40,189,183,
bcfdfdd0-27d3-4438-8536-9c43404e6fc7_61661094-printed-circuit-board-pcb-with-ics-capacitors-and-resistors.jpg,1300,866,IC,bbox,375,202,926,773,
e4be8e9c-c638-46c3-94d1-c5328ec2dc33_123732033-large-ic-chip-on-printed-circuit-board.jpg,1300,866,IC,bbox,734,240,1224,671,
77a23a96-54b1-410d-900d-7af077da08b9_images(1).jpg,262,192,IC,bbox,90,69,164,125,
940eba76-5ace-4d5f-8d01-0010599edc4a_images.jpg,261,193,IC,bbox,2,5,248,188,
cb6ec307-def4-4581-8209-03e210bbecb4_51c0d009ce395feb33000000.jpg,946,652,IC,bbox,68,33,894,614,
674afbb5-fdbf-4805-a143-33726b5045a1_images6.jpg,192,144,IC,bbox,59,45,126,110,
cc96583c-e6b7-4c7e-87a6-735c87787e22_images5.jpg,261,193,IC,bbox,17,8,250,189,
f625740f-50df-464d-9ff8-9d9bde99a52d_image4.jpg,275,183,IC,bbox,33,2,277,138,
a2e5b9b5-8acd-4287-918f-78340409ef1d_image3.jpg,249,202,IC,bbox,19,24,237,177,
b081d262-d884-4e9d-9091-c2a10cf2564a_image2.jpg,192,128,IC,bbox,10,11,175,116,
686a5361-735b-41c9-b43b-0c2268ad42aa_integrated-circuit-chips-computer-chip-BT6KGR.jpg,1300,956,IC,bbox,24,12,1251,837,
